ENTITY	text:LDCGB	normalName:ldcgb	predictedType:MOR_NEO	q:true	qid:Q1031	docId:cc_onco1334	origText:LDCGB	url:NaN
CANDIDATE	id:81521	inCount:0	outCount:1	links:	url:8152/1	name:Glucagonoma, SAI	normalName:glucagonoma,_sai	normalWikiTitle:glucagonoma,_sai	predictedType:MOR_NEO
CANDIDATE	id:82700	inCount:0	outCount:1	links:	url:8270/0	name:Adenoma cromófobo	normalName:adenoma_cromófobo	normalWikiTitle:adenoma_cromófobo	predictedType:MOR_NEO
CANDIDATE	id:99303	inCount:5	outCount:1	links:	url:9930/3	name:Sarcoma mieloide	normalName:sarcoma_mieloide	normalWikiTitle:sarcoma_mieloide	predictedType:MOR_NEO
CANDIDATE	id:87220	inCount:0	outCount:1	links:	url:8722/0	name:Nevus de células en globo	normalName:nevus_de_células_en_globo	normalWikiTitle:nevus_de_células_en_globo	predictedType:MOR_NEO
CANDIDATE	id:86010	inCount:0	outCount:1	links:	url:8601/0	name:Tecoma luteinizado	normalName:tecoma_luteinizado	normalWikiTitle:tecoma_luteinizado	predictedType:MOR_NEO
CANDIDATE	id:81233	inCount:5	outCount:1	links:	url:8123/3	name:Carcinoma basaloide	normalName:carcinoma_basaloide	normalWikiTitle:carcinoma_basaloide	predictedType:MOR_NEO
CANDIDATE	id:81523	inCount:5	outCount:1	links:	url:8152/3	name:Glucagonoma maligno	normalName:glucagonoma_maligno	normalWikiTitle:glucagonoma_maligno	predictedType:MOR_NEO
CANDIDATE	id:83240	inCount:0	outCount:1	links:	url:8324/0	name:Lipoadenoma	normalName:lipoadenoma	normalWikiTitle:lipoadenoma	predictedType:MOR_NEO
CANDIDATE	id:87120	inCount:0	outCount:1	links:	url:8712/0	name:Glomangioma	normalName:glomangioma	normalWikiTitle:glomangioma	predictedType:MOR_NEO
CANDIDATE	id:87223	inCount:5	outCount:1	links:	url:8722/3	name:Melanoma de células en globo	normalName:melanoma_de_células_en_globo	normalWikiTitle:melanoma_de_células_en_globo	predictedType:MOR_NEO
CANDIDATE	id:812331	inCount:0	outCount:1	links:	url:8123/31	name:Ca basaloide - G1	normalName:ca_basaloide_-_g1	normalWikiTitle:ca_basaloide_-_g1	predictedType:MOR_NEO
CANDIDATE	id:812332	inCount:0	outCount:1	links:	url:8123/32	name:Ca basaloide - G2	normalName:ca_basaloide_-_g2	normalWikiTitle:ca_basaloide_-_g2	predictedType:MOR_NEO
CANDIDATE	id:812333	inCount:0	outCount:1	links:	url:8123/33	name:Ca basaloide - G3	normalName:ca_basaloide_-_g3	normalWikiTitle:ca_basaloide_-_g3	predictedType:MOR_NEO
CANDIDATE	id:812334	inCount:0	outCount:1	links:	url:8123/34	name:Ca basaloide - G4	normalName:ca_basaloide_-_g4	normalWikiTitle:ca_basaloide_-_g4	predictedType:MOR_NEO
CANDIDATE	id:812339	inCount:0	outCount:1	links:	url:8123/39	name:Ca basaloide - GSD	normalName:ca_basaloide_-_gsd	normalWikiTitle:ca_basaloide_-_gsd	predictedType:MOR_NEO
CANDIDATE	id:841031	inCount:0	outCount:1	links:	url:8410/31	name:AdenoCa sebáceo - G1	normalName:adenoca_sebáceo_-_g1	normalWikiTitle:adenoca_sebáceo_-_g1	predictedType:MOR_NEO
CANDIDATE	id:841032	inCount:0	outCount:1	links:	url:8410/32	name:AdenoCa sebáceo - G2	normalName:adenoca_sebáceo_-_g2	normalWikiTitle:adenoca_sebáceo_-_g2	predictedType:MOR_NEO
CANDIDATE	id:841033	inCount:0	outCount:1	links:	url:8410/33	name:AdenoCa sebáceo - G3	normalName:adenoca_sebáceo_-_g3	normalWikiTitle:adenoca_sebáceo_-_g3	predictedType:MOR_NEO
CANDIDATE	id:841034	inCount:0	outCount:1	links:	url:8410/34	name:AdenoCa sebáceo - G4	normalName:adenoca_sebáceo_-_g4	normalWikiTitle:adenoca_sebáceo_-_g4	predictedType:MOR_NEO
CANDIDATE	id:81233	inCount:5	outCount:1	links:	url:8123/3	name:Ca basaloide	normalName:ca_basaloide	normalWikiTitle:ca_basaloide	predictedType:MOR_NEO
